﻿<row CODFUN="1" NOME="OLAVO C. PASSA" DATA_ADMISSAO="1986-10-05T00:00:00" SALARIO="2200.00" />
<row CODFUN="2" NOME="JOSE H. ROMEU LEITAO" DATA_ADMISSAO="1987-05-02T00:00:00" SALARIO="960.00" />
<row CODFUN="3" NOME="Euvira Loka" DATA_ADMISSAO="1986-10-05T00:00:00" SALARIO="2820.00" />
<row CODFUN="4" NOME="PAULO CESAR JUNIOR" DATA_ADMISSAO="1987-05-06T00:00:00" SALARIO="960.00" />
<row CODFUN="5" NOME="JOAO LIMA MACHADO DA SILVA" DATA_ADMISSAO="1993-01-10T00:00:00" SALARIO="1560.00" />
<row CODFUN="7" NOME="MOHAMED ABDULAH ROSEMBERG" DATA_ADMISSAO="1987-02-03T00:00:00" SALARIO="5520.00" />
<row CODFUN="8" NOME="ELIANE P. DE KANA" DATA_ADMISSAO="1986-05-04T00:00:00" SALARIO="1300.00" />
<row CODFUN="9" NOME="RUDGE RAMOS SANTANA DA PENHA" DATA_ADMISSAO="1985-12-23T00:00:00" SALARIO="830.00" />
<row CODFUN="10" NOME="MARIA  C. BASTIANA" DATA_ADMISSAO="1987-06-14T00:00:00" SALARIO="1300.00" />
<row CODFUN="11" NOME="ROLANDO ESCADA ABAIXO" DATA_ADMISSAO="1989-01-01T00:00:00" SALARIO="1300.00" />
<row CODFUN="12" NOME="JOAO K. PACHO" DATA_ADMISSAO="1985-01-01T00:00:00" SALARIO="1300.00" />
<row CODFUN="13" NOME="OSMAR ESTAO BRAVOS" DATA_ADMISSAO="1986-01-06T00:00:00" SALARIO="2350.00" />
<row CODFUN="14" NOME="EULER VOCE ESCREVER" DATA_ADMISSAO="1993-02-03T00:00:00" SALARIO="1300.00" />
<row CODFUN="15" NOME="MARCO O PONTO TODO DIA" DATA_ADMISSAO="1982-02-07T00:00:00" SALARIO="2350.00" />
<row CODFUN="16" NOME="ALTAMIR B. ZOUROS AA" DATA_ADMISSAO="1988-01-05T00:00:00" SALARIO="3200.00" />
<row CODFUN="17" NOME="ANA LUISA MARIA" DATA_ADMISSAO="1986-12-04T00:00:00" SALARIO="1300.00" />
<row CODFUN="18" NOME="FUGIRO K. KOMBI" DATA_ADMISSAO="1981-12-12T00:00:00" SALARIO="8350.00" />
<row CODFUN="19" NOME="SEBASTIAO P. LANTRA" DATA_ADMISSAO="1988-04-06T00:00:00" SALARIO="8350.00" />
<row CODFUN="20" NOME="EURICO E ELE POBRE" DATA_ADMISSAO="1988-01-09T00:00:00" SALARIO="830.00" />
<row CODFUN="21" NOME="ASTOLFO LIBERIO PINTO" DATA_ADMISSAO="1993-10-10T00:00:00" SALARIO="750.00" />
<row CODFUN="22" NOME="ARNALDO GRANDAO" DATA_ADMISSAO="1986-06-24T00:00:00" SALARIO="830.00" />
<row CODFUN="23" NOME="JOAQUIM JUNIOR FILHO" DATA_ADMISSAO="1984-02-20T00:00:00" SALARIO="750.00" />
<row CODFUN="24" NOME="ITAMAR E VAI PIORAR" DATA_ADMISSAO="1992-10-05T00:00:00" SALARIO="1300.00" />
<row CODFUN="25" NOME="MAGNO O BOM" DATA_ADMISSAO="1983-07-15T00:00:00" SALARIO="4600.00" />
<row CODFUN="26" NOME="SUJIRO KE FUJA" DATA_ADMISSAO="1993-02-10T00:00:00" SALARIO="5500.00" />
<row CODFUN="27" NOME="ARNOLDE SUAS NEGA" DATA_ADMISSAO="1996-05-10T00:00:00" SALARIO="5500.00" />
<row CODFUN="28" NOME="TAKARO KAKI NAKARA" DATA_ADMISSAO="1993-04-03T00:00:00" SALARIO="3400.00" />
<row CODFUN="29" NOME="AUDALIO PINTO SALGADO" DATA_ADMISSAO="1991-05-10T00:00:00" SALARIO="2350.00" />
<row CODFUN="30" NOME="CARLOS MAGNO P SOUZA" DATA_ADMISSAO="1996-05-28T00:00:00" SALARIO="1300.00" />
<row CODFUN="31" NOME="MANOEL B.O. TONICO FONTOURA" DATA_ADMISSAO="1996-05-29T00:00:00" SALARIO="3200.00" />
<row CODFUN="32" NOME="JOSÉ CARLOS SILVA" DATA_ADMISSAO="1998-01-01T00:00:00" SALARIO="3200.00" />
<row CODFUN="33" NOME="ROBERVAL PINTO PENTEADO" DATA_ADMISSAO="2001-01-01T00:00:00" SALARIO="3200.00" />
<row CODFUN="35" NOME="MARIANA DA SILVA" DATA_ADMISSAO="2006-01-01T00:00:00" SALARIO="890.00" />
<row CODFUN="36" NOME="OMAR ESTÁ BRAVO" DATA_ADMISSAO="2006-01-01T00:00:00" SALARIO="830.00" />
<row CODFUN="38" NOME="LUIS FERNANDO LEMOS" DATA_ADMISSAO="2005-01-01T00:00:00" SALARIO="800.00" />
<row CODFUN="40" NOME="JOAQUIM ALBERTO" DATA_ADMISSAO="2003-04-05T00:00:00" SALARIO="750.00" />
<row CODFUN="43" NOME="JOÃO CARLOS DE OLIVEIRA" DATA_ADMISSAO="2000-01-01T00:00:00" SALARIO="5500.00" />
<row CODFUN="44" NOME="JORGE DOS SANTOS ROCHA JUNIOR" DATA_ADMISSAO="2000-07-01T00:00:00" />
<row CODFUN="45" NOME="MARIA LUIZA" DATA_ADMISSAO="2006-01-01T00:00:00" SALARIO="750.00" />
<row CODFUN="46" NOME="CARLOS ROBERTO JUNIOR FILHO" DATA_ADMISSAO="2006-02-11T00:00:00" SALARIO="3200.00" />
<row CODFUN="47" NOME="ANA LUIZA SOUSA FILHO" DATA_ADMISSAO="2006-01-01T00:00:00" SALARIO="830.00" />
<row CODFUN="48" NOME="MIKAIL LIXONOPÉVSK" DATA_ADMISSAO="2006-01-01T00:00:00" SALARIO="2500.00" />
<row CODFUN="49" NOME="ROBERT MELO FILHO" DATA_ADMISSAO="2001-09-11T00:00:00" SALARIO="830.00" />
<row CODFUN="50" NOME="AUGUSTO SILVEIRA DA SILVA" DATA_ADMISSAO="2006-06-06T00:00:00" SALARIO="900.00" />
<row CODFUN="51" NOME="GEORGE BIN BUSH" DATA_ADMISSAO="2001-10-10T00:00:00" SALARIO="4600.00" />
<row CODFUN="52" NOME="ARNALDO K.B.SÃO" DATA_ADMISSAO="1990-01-01T00:00:00" SALARIO="900.00" />
<row CODFUN="53" NOME="ROGÉRIO F. LIZ" DATA_ADMISSAO="1980-01-01T00:00:00" SALARIO="4600.00" />
<row CODFUN="54" NOME="JOSE JOAO PAULO" DATA_ADMISSAO="1999-09-09T00:00:00" SALARIO="2500.00" />
<row CODFUN="55" NOME="ARLINDO F. HEIO" DATA_ADMISSAO="2006-01-01T00:00:00" SALARIO="750.00" />
<row CODFUN="57" NOME="ANTONIO CARLOS PINTO SOUTO" DATA_ADMISSAO="2004-05-03T00:00:00" SALARIO="750.00" />
<row CODFUN="58" NOME="MIKAIL GORDA CHOVE" DATA_ADMISSAO="2000-09-09T00:00:00" SALARIO="3400.00" />
<row CODFUN="59" NOME="MANUEL INÁCIO DA SILVA (MULA)" DATA_ADMISSAO="2005-02-12T00:00:00" SALARIO="4600.00" />
<row CODFUN="61" NOME="RONALDO K. RAMBOLA" DATA_ADMISSAO="1990-01-01T00:00:00" SALARIO="3200.00" />
<row CODFUN="64" NOME="LÚCIO G. NEROSO" DATA_ADMISSAO="2006-01-01T00:00:00" SALARIO="900.00" />
<row CODFUN="66" NOME="JOSÉ SARNENTO" DATA_ADMISSAO="2000-01-01T00:00:00" SALARIO="8350.00" />
<row CODFUN="67" NOME="JOÃO JÓSE DE SOUZA" DATA_ADMISSAO="1999-05-04T00:00:00" SALARIO="830.00" />
<row CODFUN="68" NOME="SEVERINO A.B. STADO" DATA_ADMISSAO="2000-07-01T00:00:00" />
<row CODFUN="69" NOME="RENAN K. NALHEIROS" DATA_ADMISSAO="1990-01-01T00:00:00" SALARIO="3200.00" />
<row CODFUN="70" NOME="OSAMA BIN BUSH" DATA_ADMISSAO="2006-06-24T00:00:00" SALARIO="900.00" />
<row CODFUN="72" NOME="ROBERTO CARLOS DA SILVA" DATA_ADMISSAO="2006-06-24T00:00:00" SALARIO="4600.00" />
<row CODFUN="73" NOME="ZERO BERTO" DATA_ADMISSAO="2018-07-19T20:37:14.357" SALARIO="1000.00" />